"Order","Start_LU_7053_v2","Start_LU_3577_v2","Start_LU_7254_v2","Start_LU_9497_v2","Start_LU_7469_v2","Start_LU_3679_v2","Start_LU_4686_v2","Start_LU_4545_v2","Start_LU_8745_v2","Start_LU_984_v2","Start_LU_3350_v2","Start_LU_Ridgeline_v2","Start_LU_5284_v2",
"Start_LU_7053_v2",0,0.9562,0.8213,0.9979,0.9987,0.9943,0.9613,0.9681,0.9999,0.9756,0.9861,1,1,
"Start_LU_3577_v2",0.04384,0,0.5056,0.9141,0.9795,0.9781,0.9141,0.9283,0.9997,0.9452,0.9692,1,1,
"Start_LU_7254_v2",0.17871,0.4944,0,0.7566,0.8948,0.9364,0.9042,0.9211,0.9983,0.9405,0.9671,1,1,
"Start_LU_9497_v2",0.002083,0.08592,0.24339,0,0.9216,0.9561,0.8807,0.9,0.9996,0.9234,0.9574,1,1,
"Start_LU_7469_v2",0.001273,0.020475,0.10515,0.07838,0,0.8562,0.8387,0.8647,0.9993,0.897,0.9433,1,1,
"Start_LU_3679_v2",0.005675,0.021931,0.06361,0.04387,0.14381,0,0.786,0.8228,0.9988,0.866,0.9269,1,1,
"Start_LU_4686_v2",0.03869,0.08589,0.09585,0.11935,0.16134,0.21396,0,0.6607,0.968,0.772,0.877,1,0.9999,
"Start_LU_4545_v2",0.03195,0.0717,0.07888,0.09997,0.13531,0.17723,0.3393,0,0.8389,0.6887,0.8328,1,0.9998,
"Start_LU_8745_v2",0.000089,0.000258,0.001745,0.000406,0.000657,0.001157,0.03198,0.16111,0,0.5219,0.7497,1,0.9997,
"Start_LU_984_v2",0.024368,0.05478,0.05948,0.07662,0.10304,0.13396,0.22804,0.31126,0.4781,0,0.6963,0.99,0.9887,
"Start_LU_3350_v2",0.013921,0.030839,0.03293,0.04257,0.05675,0.07312,0.12298,0.1672,0.25034,0.30372,0,0.9861,0.9834,
"Start_LU_Ridgeline_v2",0,0,0,0,0,0,0,0.000001,0,0.01003,0.013873,0,0.5129,
"Start_LU_5284_v2",0,0,0.000002,0,0,0,0.000063,0.000183,0.00032,0.011278,0.016624,0.4871,0,
